item_id,abstract,artifacts,intersection,lowpoly,noisy,open,partial,scale,set,simple,quality
002f4a73-0a18-40a8-b2bf-5f5e63743850,1,0,0,0,0,0,0,0,0,0,0
0054f4fe-ae32-48b1-bbc4-8e978cd20038,0,0,0,0,0,0,0,0,0,1,0
0148ab6e-5b6a-44fd-8710-9df11206676e,0,0,0,0,1,0,0,0,0,0,0
02fea41f-ad32-4277-a3d3-cb4390f931c7,1,0,0,1,0,0,0,0,0,0,0
03bcb9bd-df4a-4354-9113-e7111f6b373d,0,0,0,0,0,0,0,0,0,1,0
040ca85b-44ba-4ce9-8c84-3dcc48fe3c07,0,0,0,0,0,0,1,1,0,0,0
04513ba4-49e9-4d64-b754-232fceeecf7c,0,0,0,0,0,0,0,0,1,0,0
05dc7916-715f-4764-8f9f-197dcbfd822a,0,0,0,0,1,0,0,0,0,0,0
066758a2-cc21-4cc3-9d28-945dea44a9a2,0,0,0,0,0,0,0,0,0,1,0
066b1e4a-7520-4ed3-8b9a-54e087fd4a42,0,0,0,0,1,0,0,0,0,0,0
06abeb06-598d-4576-9281-ea4d9bfb8c25,0,0,0,0,0,1,0,0,0,1,0
0734fb9b-2584-4ec1-a76d-4df09016eace,1,0,0,0,0,0,0,0,0,0,0
07d04b21-7c58-464f-ac28-c113909c9dea,0,0,0,0,0,1,0,0,0,1,0
08154acc-097c-4a4f-b3b0-2df0ae2bf472,0,0,0,0,0,0,0,0,0,0,1
08408b74-c280-4123-b89a-14c56101f370,0,0,0,0,0,1,0,0,0,1,0
08bfb5c9-abdb-4e3d-932b-a57960f6a4a1,0,0,0,0,0,0,0,0,1,0,0
094d2414-43ec-43a5-b39a-977a0bca09cd,1,0,0,0,0,0,1,0,0,0,0
09571847-0ac5-4640-a691-a417f99dc769,0,0,0,0,0,0,0,0,0,1,0
09b63d29-00cc-454f-ad07-da7672fadc7b,1,0,0,0,0,0,0,0,0,0,0
09e3c426-885c-47e1-a793-cf669eda36ea,0,1,0,0,1,0,0,0,0,0,0
0a5c4d53-3460-46e5-b08d-f379d4b72d04,0,0,0,0,0,0,0,0,0,0,1
0a66d785-c878-4774-823d-90d9a2286732,0,0,0,0,0,0,0,0,0,0,1
0af836df-ea3e-4414-bf22-6088076ac613,0,0,0,0,0,0,0,0,1,0,0
0b1fe806-7d12-4a33-8860-4daa9cf27b79,0,1,0,0,1,0,0,0,0,0,0
0b671dd7-ee49-464b-920b-5a73857b471c,0,0,0,0,0,0,0,0,0,0,1
0b7d54e9-a282-4f28-90d9-77f7403cd238,1,0,0,0,0,0,0,0,1,0,0
0cd69e3c-e1d6-443c-908e-afb242e8beb5,0,0,0,0,0,0,0,0,1,0,0
0d8053f9-d6b6-4581-96fb-76614ea5859c,0,0,1,0,0,0,0,0,0,1,0
0e1c2f46-edb0-4fc5-b1c9-5368c1e22538,0,1,0,1,0,0,0,0,0,0,0
0e261ea2-596f-48b8-b3bc-ec6a8ff4e0d9,1,0,0,0,0,0,0,0,0,0,0
0f33b5b6-9214-403f-9896-2a0d8d0c2fb4,0,0,1,0,0,0,1,1,0,0,0
0f91941c-49a3-4907-9c4c-76d4f70fd84c,0,0,0,0,0,1,0,0,0,1,0
0fee2c9d-eae3-4568-ab6f-f5098bb8f3cb,1,0,0,0,0,0,0,0,0,0,0
101877ad-ef53-453a-8691-7bc6c9bb158f,0,0,0,0,0,0,0,0,1,0,0
104b450b-695b-4535-8064-4f32f27d8958,1,0,0,0,0,0,0,0,0,1,0
106dacb6-032a-4957-8928-bd455173654b,1,0,0,0,0,0,0,0,0,0,0
11f261fc-26d2-4151-9a40-b646f14d5433,1,0,0,0,0,0,0,0,1,0,0
1201b23f-2376-48ce-ac88-9a10cad5f0ad,0,1,0,0,1,0,0,0,0,0,0
121bd464-e019-4e10-be1f-54cb680f9300,0,0,0,0,0,0,0,0,0,0,1
12d30781-eb1c-4bec-8d43-3f54f63cec08,0,0,0,1,0,0,0,0,1,0,0
12df8cd0-7e7e-4643-9936-4a07811d9824,0,1,0,0,1,0,0,0,0,0,0
12fdbacb-070f-4ff9-8bca-2a306ae016d8,0,0,0,0,0,0,0,0,0,1,0
136c7d9c-2dcd-496a-87d6-eb271c165401,0,0,0,0,1,0,0,0,0,0,0
13b2e1c9-f251-4989-ae5e-e33914a93742,0,0,0,1,0,0,0,0,0,1,0
1558ff1e-8483-4f04-92c9-a10e468fd30d,1,0,0,0,0,0,0,0,1,0,0
155a4adf-e090-4dfd-8837-371980883b65,0,0,0,0,0,0,0,0,1,1,0
1586f53d-ec58-4884-ae88-e3ee74f501d2,0,0,0,0,0,0,0,0,0,0,1
15b2164b-721a-41e0-a749-bb1a7bd8c8d1,0,1,0,0,1,0,0,0,0,0,0
15ccd49d-7224-4c00-b921-aac9c3ea482f,0,0,1,0,0,0,0,0,0,0,0
1613adc0-38f0-4939-9ea7-e780fa8dddda,0,0,0,0,0,0,0,0,1,1,0
1691c2b6-c835-43f6-8ce6-b96d3aa65b0a,0,0,0,0,1,0,0,0,0,0,0
1694166c-7024-4c4b-ba9a-ffaebe73bc82,0,1,0,0,1,0,0,0,0,0,0
16998b08-5e5d-4923-8a72-fdd9327e7049,0,0,0,0,0,0,0,0,0,0,1
16ac0cc1-f755-4e31-b30e-d291ac770ef6,0,0,0,1,0,0,0,0,0,0,0
176c457d-7319-4506-95fb-0e1adc4088e8,1,0,0,0,0,0,0,0,0,0,0
17798f30-c6ae-4a1e-a196-462c953f3a26,0,0,0,0,1,0,0,0,0,0,0
177c9840-a374-4269-8c37-dc8d03e7e2c2,0,0,0,1,0,0,0,0,0,0,0
17ae97ea-8164-4946-bfd3-b5ce0c993697,0,0,0,0,1,0,0,0,0,0,0
17c60800-9f58-4a67-be74-e11159750530,0,0,0,0,1,0,0,0,0,0,0
181a1ff0-0998-452d-b99e-6c143c9b29be,0,0,0,0,0,0,0,0,0,1,0
1978bda2-d5d9-40c4-beca-49afb86a672d,0,1,0,0,0,0,0,0,1,0,0
1a16e5fb-6bc9-4f4d-9332-d1860b9b38e3,0,0,0,1,0,0,0,0,0,0,0
1a18ec73-1158-41ac-a54a-3ccfc5014d9a,1,0,0,0,0,0,0,0,0,0,0
1a37810f-4b4c-4e15-b2a3-a29450dbf0e2,0,0,0,0,0,0,0,0,0,0,1
1a3fc946-7e33-45ec-9d05-685a35a33743,0,0,0,0,1,0,0,0,0,0,0
1a990cf2-6b29-4ffe-807f-57b892c688d5,0,0,0,0,0,0,1,0,0,0,0
1adeb6c1-7d28-4efe-9fbd-8ee9993ecae8,0,0,0,0,0,0,0,0,1,0,0
1aea8246-e5e7-4f20-bcf7-0c06945aabec,0,0,0,0,1,0,0,0,0,0,0
1afeb814-1c5a-4f66-8d0f-fd81b64a9acd,1,0,0,0,0,0,0,0,0,0,0
1c3305a5-9bb6-45d8-a488-a3465a4b64c1,0,0,0,0,0,0,0,0,1,0,0
1cb0741a-857b-4ed9-9f42-7f2e5b2a5a63,0,1,0,0,1,0,0,0,0,0,0
1d031257-61f8-46f1-a108-d8ec8ff9a41b,0,0,0,0,0,0,0,0,0,0,1
1d0bb4f7-2a7f-4c3e-9e17-11967b6833d2,0,0,0,0,1,0,0,0,0,0,0
1d15cab1-446d-434c-98f7-b38d580ff85c,0,0,0,0,1,0,0,0,0,0,0
1d4ece8c-0ed0-49ac-b0db-6effa50bc214,0,0,0,1,0,0,1,0,0,0,0
1e716a94-5685-4453-9fb8-a60ec290389d,0,0,0,0,0,0,0,0,0,1,0
1ed0e20d-2724-448e-8967-5b7c568b45a2,0,0,0,0,0,1,0,0,0,1,0
1f1d0b91-64fb-4035-87ee-bcdc1af5ed72,0,0,0,0,0,0,0,0,1,0,0
20798d1a-0366-4925-9b42-67814dbbb4d0,0,0,0,0,1,0,0,0,0,0,0
21224dc3-7f05-4ee1-8985-0eb36d2ae223,1,0,0,0,0,0,0,0,0,1,0
212ca901-de99-49fc-b746-267364dbd4ac,1,0,0,0,0,0,0,0,0,1,0
216e6849-6bfe-459e-978d-6c764b53070a,0,0,0,1,0,0,0,0,0,0,0
219b561d-aa86-42a2-9b68-e1d25d430ea8,0,1,0,1,0,0,0,0,0,0,0
229044a6-939c-43ea-8d04-679e46af4812,0,0,0,0,0,0,0,0,0,0,1
229807e9-2d80-40d2-af49-862ac6b20fc1,0,0,0,0,1,0,0,0,0,0,0
22a5fe91-f1d9-4463-bd52-97ac3a0f17a2,0,1,0,0,1,0,0,0,0,0,0
23045453-e380-4f2c-8b15-4d2b68abe370,0,0,0,0,1,0,0,0,0,0,0
2348f4f9-45dc-497f-975e-509431a21d9d,0,0,0,1,0,0,0,0,0,0,0
259c8565-f407-41c9-b8b6-765e05b8a122,0,0,0,0,0,0,1,0,0,0,0
26572cb4-c30a-4850-bd03-513828e351a5,0,0,0,0,0,0,1,0,0,0,0
276007f8-e906-4ff3-8389-060218bcbdef,0,0,0,0,1,0,0,0,0,0,0
27f3dfa0-0212-41ba-a5a4-7c1f903f98fc,0,0,0,0,0,0,0,0,0,1,0
2824ace3-190c-43e2-adc0-647b93c0ba64,0,0,0,0,0,0,0,0,0,0,1
285c3198-e790-4811-b4ed-d6a870a521a4,0,1,0,0,1,0,0,0,1,0,0
28a7a1ea-ae09-46c9-a544-bf9736143d7e,0,0,0,0,1,0,0,0,0,0,0
295ac08f-9c03-4a81-8553-dad76b9d54ba,1,0,0,0,0,0,0,0,0,1,0
29acae3f-486f-4433-9940-197e9093a63a,0,0,0,1,0,0,0,0,0,0,0
29cbc7c4-dbf7-49c1-a75d-fbd3970d1fde,1,0,1,0,0,0,0,0,0,0,0
2a5317e1-df0a-46c9-9f26-6cb0131076aa,0,0,0,0,0,0,0,0,0,1,0
2a5bdc1c-d0f9-4440-9d66-a6c47cb1df0b,0,0,0,0,1,0,0,0,0,0,0
2a6b9527-46a1-462f-9864-9f99d2931679,1,0,0,0,0,0,0,0,0,1,0
2ad6c387-d7e1-4d92-8392-421faf396282,0,0,0,0,0,0,0,0,0,0,1
2aef58c1-7852-4705-8109-a130a99140bf,0,0,0,0,0,1,0,0,0,1,0
2b20459c-b061-4822-9295-85c7ff1f4188,1,0,0,0,0,0,0,0,0,1,0
2b52b5d1-e315-4ec2-87cb-8313cffbdd85,0,0,0,0,0,0,0,0,0,1,0
2b7eb110-2935-4464-bdfd-c16c0523ea07,0,0,1,0,0,0,1,0,0,0,0
2c507ff6-1f03-443e-a508-cce9b7f81d18,0,0,0,0,0,0,0,0,1,0,0
2c559756-83ad-4a0a-9b09-601d49b19890,0,1,0,0,1,1,0,0,0,0,0
2ce50229-64d2-477f-81b9-dad120e92e68,0,1,0,0,1,0,0,0,0,0,0
2d0bf27e-3c78-4fa8-abb7-a590feedcaf2,0,0,0,1,0,0,0,0,0,0,1
2ddf1c50-6929-4231-8444-6a27f9f6aebc,0,0,0,1,0,0,0,0,0,1,0
2e728cfb-8f64-4601-a448-171d72bac60f,0,0,0,1,0,0,0,0,0,0,0
2ffa35ee-e147-4624-91e8-21f4c6d53485,0,1,0,0,1,0,0,0,0,0,0
301dbc86-343c-4095-b952-2f976a579141,0,0,0,0,0,0,0,0,0,1,0
30678bd7-6196-4599-ad35-f50040d9a722,0,0,0,0,0,0,0,0,0,0,1
30780d3c-8542-4648-9815-1a44ccdf2a3a,1,0,0,0,0,0,0,0,0,0,0
30b9fb9b-dd1f-4d2b-918f-6894dbac74ba,0,0,0,0,1,0,0,0,0,0,0
30bc2f18-cb9e-4156-b08a-5a2ec266b55c,1,0,0,0,0,0,0,0,0,0,0
30c6160e-eb71-4bc4-97b0-d705a2d47179,0,0,0,1,0,0,0,0,0,0,1
31a97633-3264-4d75-bdea-b808ce3b2d37,0,0,0,0,1,0,0,0,0,0,0
31d71a50-7d39-483f-bb9f-4db3ddb41ce0,0,0,0,0,1,0,0,0,0,0,0
325126b8-7483-45e3-b744-59b591023de6,0,0,0,0,0,0,1,0,0,0,0
3282cc6f-98bd-418a-a0c5-02b7eaad81b8,0,0,0,0,0,0,0,0,0,0,1
3348948b-8b3a-4e1a-be78-5b7d71cf7a75,0,0,0,1,0,0,0,0,0,0,0
33731fc8-a791-4ec8-84a4-639a6d0952e6,0,0,0,1,0,0,0,0,0,0,0
33e8ec03-eb80-46bd-a883-78c3bcc4ab55,1,0,0,0,0,0,0,0,0,1,0
3403225f-54b9-4054-9dd8-d3a439c2620b,0,0,0,0,1,0,0,0,0,0,0
34209482-9cbc-4d0e-bc4b-eac1564c0210,0,0,0,1,0,0,0,0,0,0,0
343e3480-b637-4668-8c61-35c05eb6a4a2,0,0,0,1,0,0,0,0,0,0,0
353c1bc3-f83a-4cb1-8226-d6b95f8514a2,0,0,0,0,1,0,0,0,0,0,0
355a4a81-86bd-4f3f-be5e-2cc13d742d34,0,0,0,0,0,0,0,0,0,0,1
359b1be5-88dc-4264-b7ec-6da9256eb0f9,0,0,0,0,0,1,0,0,0,1,0
35a86d3b-c509-4772-b0ce-47b0adb1764d,0,0,0,0,1,0,0,0,0,0,0
3710e084-139b-4bf4-b6c9-46e2072e1ba2,0,0,0,0,0,0,0,0,0,1,1
37142c36-8ec1-4ebd-a84a-3a00894f55a9,0,0,0,0,1,0,0,0,0,0,0
374c0f15-a359-4e7b-ad71-09a7b31bd897,0,0,0,0,1,0,0,0,0,0,0
378421b3-bc4c-499a-b701-59587bfed0df,0,0,0,0,1,0,0,0,0,0,0
37bc2802-e83b-48ee-89fc-6d9ca88f1147,0,0,0,0,0,0,0,0,0,1,0
3889b93f-47fb-483f-b98c-74ad5b85e7e5,0,0,0,0,0,0,0,0,1,0,0
391bc7f5-a27e-4a33-8bbd-ae2af86859a7,0,0,0,1,0,0,0,0,0,0,0
3936569e-d35c-4954-851a-532a4091c210,0,0,0,0,1,0,0,0,0,0,0
3ad163ed-6278-44d2-8441-ae46727af562,0,0,0,0,1,0,0,0,0,0,0
3b610a19-bca2-4346-b691-c3aa17604001,0,0,0,0,0,0,1,0,1,0,0
3c7e5267-30a3-4e0f-9b01-85ad451814b9,0,0,0,0,0,0,0,0,0,0,1
3ca1764f-f155-48a6-ab35-92cf7c823ca8,0,0,0,0,1,0,0,0,0,0,0
3cf28e62-6aff-4b58-955d-dfd6b3ab93fa,1,0,0,0,0,0,0,0,0,0,0
3d00aeda-93f6-43f0-9325-023297ccdccf,0,0,1,0,0,1,1,1,1,0,0
3d49672e-b750-4fc5-9fc9-661eec28fe04,0,0,0,0,0,0,0,0,0,0,1
3daa394b-a841-455e-aac9-a31a17318a94,0,0,0,0,0,0,0,0,1,0,0
3e30d729-1358-406e-9c47-a833fa80cc3c,0,0,0,0,0,0,0,0,1,0,0
3ebb35b7-ead9-4946-b6c6-e42315dbbfee,1,0,0,0,0,0,0,0,0,0,0
3f6b79b5-93e8-40da-9225-f0f47754d843,0,0,0,1,0,0,0,0,0,0,0
3f6bb1ef-d323-42a0-8a5a-611513c79c1c,1,0,0,0,0,0,0,0,0,0,0
409bbfe9-a18f-4b26-8cd5-b5f880a1980a,0,0,0,1,0,0,0,0,1,0,0
40a01d37-9b82-4295-8f9e-18ab2d32711e,0,0,0,0,0,1,0,0,0,0,0
40c88735-942c-4620-81bc-cfb7b7d5ea3e,1,0,0,0,0,0,0,0,0,0,0
412cd886-8b20-4ac6-bb87-e56606440bc8,0,0,0,1,0,0,0,0,0,0,0
4174b78a-31ec-4266-89b8-93ef6da2ada2,0,0,0,0,0,0,0,0,1,0,0
41dc28e5-e5e3-4c46-84c0-4ebc98d59d91,0,0,0,0,0,0,0,0,1,0,1
42067e4c-ca77-4703-b355-77db401af4a7,0,0,0,0,0,0,0,0,0,1,0
42ffd2f8-92d8-42a4-ac76-abc5085fb8dd,1,0,0,0,0,1,0,0,1,0,0
4327833d-60af-4177-a56c-ac6033a8ef18,0,1,0,0,1,0,0,0,0,0,0
434cb8ca-fc05-4966-8f01-e0e966c5c542,0,1,0,0,1,0,0,0,0,0,0
435fe428-e892-431b-9c55-71b0ba8570be,0,0,0,0,1,0,0,0,0,0,0
43dc82d0-2a9a-44a0-bb59-67906b4080f2,0,0,0,0,0,0,0,0,0,1,0
4501d6f4-c313-465b-a357-9c03ab2832c0,0,0,0,0,0,0,0,0,0,1,0
465025dd-6bd7-4244-b3fa-699a1bf78429,0,0,0,0,1,0,0,0,0,0,0
46c80079-b249-4005-984e-6da6f17b55b8,0,0,0,0,0,0,0,0,0,1,0
46f6c5df-4317-4cb6-80fc-9da1672a701b,0,0,0,0,0,0,0,0,0,0,1
47a3aac1-cd70-4860-a09d-addf18f326c8,0,0,0,0,0,0,1,1,0,0,0
47a79305-cb90-4c76-922d-3785f7e2fe82,0,0,0,0,0,0,0,0,1,0,0
47b667bc-27c9-4859-b86d-e8279ef5dcd8,0,0,0,0,0,0,0,0,1,0,0
480c5922-ea2b-4232-9329-ead7064a461f,1,0,0,0,0,0,0,0,0,1,0
481b085f-ffdb-4c15-a27a-bd3005131619,0,0,0,1,0,0,0,0,0,0,0
481e2593-247f-4ef3-9d89-7b17a53f2091,0,0,0,0,0,0,0,0,0,1,0
4830f60f-9ae6-40c4-89e4-85a00d68a66e,0,0,0,0,0,1,0,0,0,1,0
483c799d-a08c-4946-a29a-2d6f2c3027fa,1,0,0,0,0,0,0,0,0,0,0
486eb241-99ec-4c9c-a878-96c95c43450d,0,0,0,0,0,0,0,0,0,1,0
487e0f0f-0a2a-4378-9006-46ad746da8c8,0,0,0,1,0,0,0,0,1,0,0
48af511a-83e6-4454-9b52-8c912b80e629,0,0,0,0,0,0,0,0,0,1,0
496f82ea-8c7c-49de-b977-6c83b3972d93,1,0,0,0,0,0,0,0,0,0,0
4982164f-6e2d-4365-a455-a16546e1ceaa,0,1,0,0,1,0,0,0,0,0,0
4a57aaf6-9ec2-483e-9a09-50bccb4d9ad5,0,0,0,0,1,0,0,0,0,0,0
4a823cfd-ca14-4973-b9e9-2b3ba5831f2f,0,0,0,0,0,0,0,0,0,0,1
4b9f898e-3be9-4878-9e69-9c06a251e407,0,1,0,0,1,1,0,0,0,0,0
4c72f631-0d8b-48e0-822f-0753c51424ea,0,0,0,0,1,0,0,0,0,0,0
4c82a537-270a-49f7-a779-02d48bdb95ea,0,0,0,0,1,1,0,0,0,0,0
4ca18641-e48b-4fe3-82ca-a7c452c37c4d,0,0,0,0,0,0,0,0,0,0,1
4ddf5cf5-b404-4a2e-9059-9c0c6e743bf0,0,0,0,0,0,1,0,0,1,0,0
4e32b895-2130-40b8-b613-35d601bb7832,0,0,0,0,0,0,0,0,0,1,0
4ed0af52-7257-4ae0-ae51-249bc13ec1e1,0,0,0,1,0,0,0,0,0,0,0
4f3eb8db-188b-45b2-b4bb-1c1b4eceaeda,0,1,0,0,0,0,0,0,1,0,0
4f56333a-4d6c-4451-882b-f6c6d92e9083,0,1,0,0,1,0,0,0,0,0,0
500c47ad-2352-470a-8299-669ad6ec92e6,1,0,0,0,0,0,0,0,0,0,0
50e3fb8a-d536-4bba-a53f-c2e96258e321,0,0,0,0,0,0,0,0,0,1,0
511f30ef-159d-4e30-9f22-5d94437234bd,0,0,0,0,1,0,0,0,0,0,0
516e4c91-b69d-4f40-a087-525f5edd6c5d,0,1,0,1,0,0,0,0,0,0,0
51888fea-3b94-4bbd-880d-6ed43c755510,0,0,0,0,1,0,0,0,0,0,0
519a92b5-aedd-493a-9380-1bc5403a88f6,1,0,0,0,0,0,0,0,0,0,0
5206de20-b07c-4f13-9d18-1c0169d4996e,0,0,0,0,0,0,0,0,0,0,1
52634bdd-329b-4cd7-91ec-9a878aeee464,0,0,0,0,0,0,0,0,0,1,0
5363972e-6add-461c-bd02-4b4fd2c0a19b,0,0,0,0,0,0,0,0,1,0,0
54234390-bef3-4fc5-a633-cf385f832b49,0,0,0,0,0,0,0,0,0,0,1
542d8852-8242-47dc-b0be-fa2e2564b953,0,0,0,0,0,0,1,1,0,0,0
544dd643-5ab1-4f9a-9a2c-a6efc6a498a1,0,0,0,0,0,0,0,1,0,0,0
54798bac-4e38-49fa-8deb-f0b908278f88,0,0,0,0,0,0,0,0,1,0,0
5483c749-5695-498c-b748-b599a459f6cd,0,0,0,0,0,0,0,0,0,1,0
54f4cff7-629c-426c-a034-924f74e3acb5,0,0,0,0,0,0,0,0,0,0,1
555ee972-1fed-4aac-b58d-895b0d639b86,1,0,0,0,0,0,0,0,0,0,0
563f3603-1902-49ab-92f7-57aff5b9a044,0,1,0,0,1,0,0,0,0,0,0
5656410c-b107-495b-815d-f6727a1e15b0,0,0,1,0,0,0,1,1,0,0,0
569dce40-1d04-4f73-bcf1-c5b3a98478a8,0,0,0,0,0,0,0,0,0,0,1
58211943-6f96-4411-bfef-45fe49428654,0,0,0,0,0,0,0,0,0,1,0
5834c5ec-dde9-4533-b878-8569d0863acc,0,0,0,0,1,0,0,0,0,0,0
58a8c541-bda8-479a-9833-200b91339d46,0,0,0,0,1,0,0,0,0,0,0
58ed7cf9-2ca9-4f8e-8bf5-f5069311f6ad,0,1,0,0,1,0,0,0,0,0,0
59147e01-bb5e-49de-b0e2-4ed9c31b488e,0,0,0,0,0,0,0,0,0,0,1
593675ee-b727-4f90-8676-dc5dee46a025,0,0,0,0,1,0,0,0,0,0,0
5976f17d-996c-49ce-8f10-dcf07c53fb32,0,1,0,0,1,0,0,0,0,0,0
5a5f0616-0989-4ee3-89b5-ac073b0efb9b,0,0,0,0,0,0,0,0,0,0,1
5bd65f68-0973-4aee-8129-e2c1f611e73f,0,0,0,0,0,0,0,0,0,0,1
5c30d6f6-2170-40d1-902f-e99a99838436,0,0,0,0,0,0,0,0,0,0,1
5c533377-728d-4410-ae82-5bef1656351f,0,1,0,1,1,0,0,0,0,0,0
5c734b3b-eef0-45ff-9b57-31ac8f5edaad,0,0,0,0,0,0,0,0,1,0,0
5cb2228b-4635-4b7f-ac8e-064970fb3eff,0,0,0,0,0,0,0,0,0,0,1
5cea88e7-1dd8-4897-bfe6-b1a67c24fbaf,0,0,0,0,1,0,0,0,0,0,0
5d0eaa8f-48fe-4274-8717-533edfc377a8,0,0,0,0,0,0,0,0,0,0,1
5d6e1013-1e3b-44ab-aec9-ba005d08d22f,0,0,0,0,0,0,0,0,0,1,0
5dedb4fc-a692-403d-8b5a-c4d1813aeaac,1,0,0,0,0,0,0,0,0,0,0
5e3d275e-63ea-4fdd-99db-2e5f91badf98,0,0,0,1,0,0,0,0,0,0,0
5f18b90d-302e-4967-a45c-22b7fdb4802f,0,1,0,0,1,0,0,0,0,0,0
5fa50f0b-9a73-4be0-aae3-e78e63a139fe,0,0,0,0,0,0,0,0,0,0,1
5fcea791-fc62-4bd1-8769-9d1d49a6ae5c,0,1,0,1,1,0,0,0,0,0,0
5fd0672b-0180-4c7c-9670-1b6b409c1800,0,0,0,0,0,0,0,0,0,0,1
5fd82693-6567-4308-b72e-75dac49e796e,1,0,0,0,0,0,0,0,0,0,0
600a5351-d885-4684-a804-50a3f3ad56dc,0,0,0,0,1,0,0,0,0,0,0
60e62925-6f37-41f4-b122-bbdcad845e6c,1,0,0,0,0,0,0,0,0,0,0
60f38f4d-216d-40dc-b878-7096f2fa9998,0,0,0,0,1,0,0,0,0,0,0
61298d2c-8f9b-4461-b2dc-852fe5f728c6,0,0,0,1,0,0,0,0,0,1,0
624c912e-4b37-4662-adef-8c621061ae6d,0,0,0,1,0,0,0,0,0,0,0
6306d5a2-8521-4b9f-9625-6bb6ac1e4174,0,0,1,0,0,0,0,1,0,1,0
63562365-97d2-407c-8cad-3e5cfb522744,0,0,0,0,0,0,0,0,0,0,1
63ab2dcc-d4f0-42cc-9a39-0cf018f6ff60,0,0,0,1,0,0,0,0,0,1,0
640c1582-0ca0-49ea-8d0d-b93164956be5,0,0,0,0,0,0,0,0,0,1,0
641f66bc-5a16-49da-b9e9-96d2b2d3f6e0,0,0,0,0,1,1,0,0,0,0,0
648a6c2e-ca07-48b0-93de-818b8d74ca01,0,0,0,0,0,0,0,0,1,0,0
64a5cb65-7330-4fad-b61a-578fbd6fbd41,0,0,0,0,0,0,0,0,0,0,1
64c583be-6f5a-4be7-a974-87ddcadf5443,0,0,0,0,0,0,0,0,0,1,0
65a9b483-1562-4b20-bf9e-26adf1145694,0,0,0,1,0,0,1,0,0,0,0
666081b6-9d80-4639-bbe8-6477b0f580ad,0,0,0,0,0,1,0,0,0,1,0
6669709f-34b0-4115-bb23-6f09c30f5132,0,0,0,0,0,1,0,0,0,1,0
668c0258-c681-4b1d-905b-6f824c70eeea,0,0,0,0,1,0,0,0,0,0,0
671891b9-0809-4587-ac23-6420a95916d3,1,0,0,0,0,0,0,0,1,0,0
6761b6d5-ffa4-4ef0-a16e-699efbfd1e22,0,0,0,0,1,0,0,0,0,0,0
67b295e8-06d5-4ad3-8452-f91fe136283f,0,0,0,1,0,0,0,0,0,0,0
6852ebfc-0635-42a8-8827-ab13ecd8f92e,0,0,0,0,1,0,0,0,0,0,0
6a2d9181-3aeb-4ac4-8e89-1fc40f42a62f,0,0,0,0,0,0,0,0,0,1,0
6a56063d-9ef2-42de-8e90-895fe19c5219,0,0,0,0,1,0,0,0,0,0,0
6a9c6cad-2949-4075-a797-b3ff41afd2e1,0,0,0,0,0,0,0,0,0,0,1
6b060ce6-6078-4c04-a642-f8a93da346a7,0,1,0,0,1,0,0,0,0,0,0
6b4cf548-d269-403e-838d-f35fd54e2b6a,0,0,0,0,1,0,0,0,0,0,0
6bb9550e-73dc-4b63-8435-2b605ecf2086,0,0,0,0,1,0,0,0,0,0,0
6c4df972-b2c8-40ec-82f0-fadebea4ba03,0,0,0,1,0,0,0,0,0,0,0
6d63bb12-01ac-45d7-95cd-fe342d96b5a1,0,0,0,0,1,0,0,0,0,0,0
6d97c4b9-d62c-489b-b416-254d9c4d5a26,0,0,0,0,0,0,0,0,0,0,1
6dfc2d71-7258-49b7-b9e9-d96e77760b42,1,0,0,0,0,0,0,0,0,0,0
6e189561-b70d-419a-a59f-4415244b40e1,0,0,0,0,0,0,0,0,0,0,1
6e2a6b19-bbf9-450b-8326-dc5acf72d8a4,0,0,0,0,0,0,0,0,0,1,0
6e3d0393-f562-4864-aab2-f4c239950d22,1,0,0,0,0,0,0,0,0,1,0
6e7fbe92-2ca0-47b8-8d48-2085f8652fff,0,0,0,0,0,0,0,0,0,0,1
6eadb65b-2fd6-4362-8cf7-27fb178c1ac7,0,0,0,0,0,0,0,0,0,1,0
6ef33593-2af7-4471-9618-f38cb4e6e683,0,0,0,0,0,0,1,0,0,0,0
6f3abeb8-6216-4997-a973-087955633858,1,0,0,0,0,0,0,0,0,0,0
6f8c6205-0e5b-42a0-bf72-973379f106d4,0,0,0,0,0,1,0,0,0,1,0
6fa9ccb0-107a-47ba-9575-47d6b178b900,0,0,0,0,0,0,0,0,0,0,1
6fae49bb-6652-4688-86a0-fadfe894a6dc,0,0,0,0,1,0,0,0,0,0,0
6fed6d18-82c5-4771-b501-789351a03af6,1,0,0,0,0,0,0,0,0,1,0
701b6742-53bc-419f-a964-5e0d74c7818a,0,0,0,0,1,0,0,0,0,0,0
702a87bc-1274-4988-8af2-1631f89694eb,0,0,0,0,0,0,0,0,0,0,1
706850fa-04a9-4e55-aaca-bf850a4aef99,0,0,0,0,0,0,0,0,0,1,0
70bfe788-e617-4c6e-841b-b3468d80a5a5,0,0,0,0,0,0,0,0,0,1,0
712d1ff5-9c57-4e66-84f1-ff0db8680607,0,0,0,0,0,0,0,0,0,1,0
71a69eb8-1906-4ff1-a4c7-cada67d8e999,0,0,0,0,1,0,0,0,0,0,0
71d3c560-5aea-4333-bccb-66cc383b4f28,0,0,0,0,0,0,0,0,0,0,1
71de0aaf-b731-44bc-9901-db4def4f3460,0,0,0,0,0,0,0,0,0,0,1
722cb749-41b5-41c5-91f6-6e20eb845597,0,1,0,0,0,0,0,0,0,0,0
72901925-0837-47db-b94a-f754a3025a00,0,1,0,0,1,0,0,0,0,0,0
7329a9c6-4565-416a-bd5e-a839c36e2adf,0,0,0,0,0,1,0,0,0,1,0
738e6b44-c3a7-4b41-bd5e-3f3ec1865d8e,0,0,0,0,1,0,0,0,0,0,0
73c2ff77-35bb-479b-83ca-ce662c6d0f60,0,0,0,1,0,0,0,0,1,0,0
7439523f-5734-4cc3-a18c-e98b3427a01b,0,0,0,0,0,0,1,0,0,0,0
74681c06-56d2-4763-8a5f-2ae386417367,0,0,0,0,0,0,0,0,0,0,1
75d57418-1afd-41b2-9579-c8ba908fe641,0,0,0,0,0,0,0,0,0,0,1
75db0388-2031-486d-a63f-414b2e58c006,0,0,0,1,0,0,0,0,0,0,0
76252d70-0b34-4b73-abad-36062e3b04c9,0,0,0,0,0,0,0,0,0,1,0
76345c2c-3580-42e4-b206-18a45e7f36c3,0,0,0,1,0,0,0,0,0,0,0
7639b412-4806-4479-9db4-0ca9025d71e3,0,0,1,0,0,0,0,1,0,0,0
7655779b-efdb-44e2-8a32-ede65775a6b7,0,0,0,1,0,0,0,0,0,0,0
778ef636-5b62-46de-b520-f7193e112967,0,1,0,1,0,0,0,0,0,0,0
77a7d094-41e1-40a4-8a2a-11b05a492821,0,0,0,0,0,1,0,0,0,1,0
782114ae-cb53-4b3b-8625-6618f7d36a80,1,0,0,0,0,0,0,0,1,0,0
7821804a-973f-47cd-a99f-86dc5724563e,0,0,0,0,0,0,0,0,0,1,1
78228afd-d15f-4a2e-ad5f-aa9a87b911ad,0,0,0,0,1,0,0,0,0,0,0
783c3e94-0777-4134-a753-079a6e3bb79c,0,0,0,0,0,0,0,0,0,1,0
78eedb84-0501-4004-8316-101eae778e1f,0,1,0,0,1,0,0,0,0,0,0
790b9549-307e-4a19-b379-6d6915057f1b,0,0,0,0,0,0,0,0,0,0,1
79d67b55-dfdd-42ad-adae-79cd0b31df0a,1,0,0,0,0,0,0,0,0,0,0
7a4b732a-01c7-426a-b5a2-d8ba66831108,1,0,0,0,0,0,0,0,0,1,0
7ba7d6f2-1cb3-4c1d-b9d2-23bc49ca9a08,0,0,0,0,1,0,0,0,0,0,0
7ba82145-d0d8-4790-9d91-f8619694d896,0,0,0,0,0,0,0,0,0,0,1
7bf5b393-c794-476b-a388-ecbcf37b9960,0,0,0,0,0,0,0,0,1,0,0
7c3379f3-4c7b-4347-83f2-c1741ba4a39e,0,0,0,0,0,0,0,0,0,1,1
7ccf5fac-a218-4a4e-a058-8a3efc297921,0,0,0,0,0,0,0,0,0,0,1
7ced4454-9956-4a95-bf4b-1ce210e02137,0,0,0,0,0,0,0,0,0,0,1
7d571af4-27c1-478f-9d93-54cae6d127e0,1,0,0,0,0,0,0,0,1,0,0
7e75e4c1-c31f-420b-9dc0-27909bf28b8f,0,0,0,0,1,0,0,0,0,0,0
7ea3e906-5db2-4c8e-8c24-781d1d53f629,0,0,0,0,0,0,0,0,0,1,0
7efd39b6-efd3-4160-bb7e-9da28d1c541c,1,0,0,0,0,0,0,0,1,0,0
7f04320f-cbda-499f-b623-5a591645aa2f,1,0,0,0,0,0,0,0,0,0,0
7f84a225-2cc1-4700-9a3e-9215bb9d04d9,0,0,0,0,0,0,0,0,0,0,1
7fa2beee-2093-4414-b82d-6534ea9b45fe,0,0,0,0,0,0,0,0,0,0,1
8012c7c8-efa2-4b86-85dc-8ca48491e259,0,0,0,0,0,0,0,0,0,1,0
80742eeb-a455-4a83-a867-8e603b2acbe3,1,0,0,0,0,0,0,0,0,0,0
8127b703-1d36-4105-ab74-1f5487017839,0,0,0,0,1,0,0,0,0,0,0
81c1db17-9c29-4e26-927e-aef57498fa85,0,0,0,0,0,0,0,0,1,0,0
81edefff-2b2a-49b0-9299-e3f02024eee6,0,0,0,0,0,0,0,0,0,0,1
8213e9e9-3c57-4da0-8f88-7623708dbabe,0,0,0,1,0,0,0,0,0,0,0
83807adf-4684-433e-850b-489de95cdf09,0,0,0,0,1,0,0,0,0,0,0
83b4ddc7-ce6c-425c-9870-c191f3a0285e,0,0,0,0,0,0,0,0,0,1,0
846aefa9-41ad-4709-9ea3-789e1fccd513,0,0,0,0,1,0,0,0,0,0,0
848b878c-caa3-4816-96d2-22f514992f80,0,0,0,0,0,0,0,0,0,0,1
84afbd2c-f89c-47b3-b7c2-3cd18c64cd2d,0,0,0,0,0,0,0,0,0,1,0
84c3626e-a241-499a-94cf-0e2e6d69958d,0,0,0,0,0,0,0,0,0,0,1
8613e16a-537b-4ea1-8a2e-cc48f79f3c13,0,0,0,0,0,0,0,0,0,1,0
86bcabd5-be14-463b-8982-0415b0887d1e,0,0,0,0,1,0,0,0,0,0,0
8733e4c7-9af2-4551-826a-94e2c131596c,0,0,0,0,0,0,0,0,0,1,1
877a3288-ea9f-4490-ad32-e36b0e4bfc0a,0,1,0,1,0,0,0,0,0,0,0
877f71ba-93c1-4e68-ac14-67797ebbf448,1,0,0,0,0,0,0,0,0,1,0
87f87bf1-7502-457b-8b2c-dac37ac987d4,0,0,0,0,1,0,0,0,0,0,0
883685b9-80e2-46e8-aa0e-b940c7216651,0,0,0,0,0,0,0,0,0,1,0
88f22a77-7e42-4000-af9b-929e2936754e,0,0,0,0,0,0,0,0,0,1,0
89212b4a-d9c7-47ec-a8da-51b3ea5a8e73,0,0,0,0,1,0,0,0,0,0,0
8966b86f-5944-4135-84d4-6b4b9d24f4e9,0,0,0,1,0,0,0,0,0,0,1
89c67f6a-0cca-4295-a37d-03437db1f236,0,0,0,0,1,0,0,0,0,0,0
8a04c0b3-dbdc-481f-8e18-28311d65903b,0,0,0,1,0,0,0,0,0,0,0
8a0fc6bf-de49-4901-bc91-dd7f1d50a270,1,0,0,0,0,0,0,0,0,0,0
8a20a443-508e-47d6-a740-3a51711fcf3c,0,0,0,0,0,0,0,0,0,1,1
8a432b88-57ef-4fae-842b-01386863e9b5,0,0,0,0,1,0,0,0,0,1,0
8b47a5c5-4114-47df-9440-6c856797bb07,0,0,0,0,1,0,0,0,0,0,0
8b7860f5-4091-4044-bc08-c84908c3e6a4,0,0,0,0,0,0,0,0,0,0,1
8b8208a7-ef49-4a47-af9a-ad8bb3553e25,0,0,0,0,0,0,0,0,0,0,1
8b9d8083-641d-4b6d-b6a4-d855ff2b75eb,0,0,0,0,0,0,0,0,0,0,1
8be8cc21-b58a-41aa-bb25-9d54a8f0db35,0,0,0,0,1,0,0,0,0,0,0
8c26d2c2-04b7-4b6d-aad4-a610a2f4a44e,0,0,0,0,1,0,0,0,0,0,0
8cf48d1a-7079-437e-ba35-2275abc76874,0,0,0,0,1,0,0,0,0,0,0
8dde8430-8ebb-44fb-88e4-1d049b49e15c,0,0,0,1,0,0,0,0,0,0,0
8e1854d3-d742-41a5-bba3-8f6ca5d03ad7,1,0,0,0,0,0,0,0,0,0,0
8e19f97c-3f48-4d75-bccd-d478fcc068c0,0,0,0,0,0,0,1,0,0,0,0
8e51325f-730e-4279-845a-b3e7e18ab3d6,0,0,0,0,1,0,0,0,0,0,0
8e906234-94ab-4182-8734-84cdd571a4bf,0,0,0,0,1,0,0,0,0,0,0
8f85b222-ddca-4320-aa96-749c0fdfedfa,0,0,0,0,1,0,0,0,0,0,0
8fd4bc00-9c2b-452b-b5f7-72000fee4a8c,0,0,0,0,0,1,0,0,0,1,0
8fe85106-7499-4e7e-bedd-2ea5391f8232,0,0,0,0,0,1,0,0,0,1,0
901f9cc2-78cc-468b-b6a6-4beddb3594f1,0,0,0,0,0,0,0,0,0,1,0
905afb1a-0ec2-4e0a-a3e6-9f9383b1ba96,0,0,0,0,0,0,0,0,0,1,0
90a2edee-3343-43f7-ab5f-1cb5bf720d43,1,0,0,0,0,0,0,0,0,0,0
90bb8256-1cf9-46a4-b38e-dfbd43170038,0,0,0,0,0,1,0,0,0,1,0
91138cc8-a559-436b-b670-a79c52f85a15,1,0,0,0,0,0,0,0,0,0,0
914fa8cf-93b5-4d7c-9786-4509ac330a40,1,0,0,0,0,0,0,0,0,0,0
91809d46-9581-424b-ae03-fb6a2fb29166,0,0,0,1,0,0,0,0,0,0,0
9181aad9-759b-4de9-b7dd-9d31a3bd8d11,0,0,0,1,0,0,0,0,0,0,0
91a5f53c-af1a-4523-87c8-0636f3db04c1,0,1,0,1,0,0,0,0,0,0,0
91e2906e-9752-423b-bd4b-02293b8e44a1,0,0,0,0,1,0,0,0,0,0,0
922f0a2f-2da4-4e62-8143-0b2d9578fed9,0,0,0,0,0,0,0,0,0,1,0
9248a223-b5c8-4868-8a67-f9ab63953a03,0,0,0,0,0,0,0,0,0,0,1
93614f3a-33e5-4743-a46f-807bdbd6b729,0,0,0,0,1,0,0,0,0,0,0
93866643-687a-4eb7-a216-67ff99a53f18,0,0,0,1,0,0,0,0,0,0,0
93891cc6-f742-4809-9129-7e0f2441d0c7,0,0,0,0,0,0,0,0,1,0,0
940b1434-1cc1-4355-a512-e38bb705b6cd,1,0,0,0,0,0,0,0,0,0,0
94364732-0c65-4214-99c0-ff7cb9f0c43f,1,0,0,0,0,0,0,0,1,0,0
944deb5f-d2ca-472f-a6e4-3fcedb2ccfb9,0,0,0,0,0,0,0,0,0,0,1
9466ce71-2a52-4c19-8af2-ea06a9d8403c,0,0,0,0,0,0,0,0,0,0,1
946c3b34-f4a9-471b-944b-56c1763f52a2,0,0,0,0,0,0,0,0,0,1,0
94825551-0a0f-48f2-abce-ef84ecde79f9,0,1,0,0,1,0,0,0,1,0,0
9497e720-3d6a-4030-bec5-6330b43b4d48,0,0,0,0,0,0,0,0,0,0,1
9598b9e7-f10b-4c6a-92de-6fde0e948126,0,0,0,0,0,0,0,0,0,1,0
959c8de1-f444-4197-a3f2-e8b9588bfbff,1,0,0,0,0,0,0,0,0,0,0
95ac56cb-365b-4394-ae8e-4f54d094d2e2,0,0,0,0,0,0,0,0,0,1,0
966824fa-68ab-4065-b87f-bb6ce2038b2f,0,0,0,0,0,0,0,0,0,1,0
96b4d7d1-64ca-47b2-b1e6-c6492ec27f79,0,0,0,0,0,0,0,0,0,1,0
970e1dde-d686-44df-817a-d78658480d6b,0,0,0,0,1,0,0,0,0,0,0
9764d7c1-1ac6-4d5e-89a0-75fab7e6c45d,1,0,0,0,0,0,0,0,0,1,0
9795d61b-23ff-4179-9d7f-3b37fc0dc29c,1,0,0,1,0,0,0,0,0,0,0
980f1b8b-4c1b-46af-a3f7-895e141087f2,0,0,0,0,0,0,0,0,0,0,1
983d3211-3a82-4912-b758-46283f879b57,0,0,0,0,0,0,0,0,0,1,0
98820763-37bb-49fb-983f-6dddef6eda46,0,0,0,0,0,0,0,0,0,1,0
9890b6ed-fffc-4fc7-bed7-326ac7b4d8df,0,0,0,0,0,0,0,0,0,1,0
98f2095d-70b2-4da4-a891-f64302861868,1,0,0,0,0,0,0,0,0,0,0
98f87cf0-cec4-4443-949d-b923fa056ea2,0,0,0,0,0,0,0,0,0,1,0
99064d6a-5551-4abc-b552-584491668414,0,0,0,0,1,0,0,0,0,0,1
99df60aa-07c6-49a8-9d0f-67181fb225a5,0,0,0,0,0,0,0,0,0,0,1
9b1826d3-7dd8-43d2-9a0c-c37ec30b13ae,0,0,0,0,1,0,0,0,0,0,0
9b206d63-69a8-4947-9e9d-5969fe56ad21,0,0,0,0,0,0,0,0,0,1,0
9baa866c-d5b7-44bd-94a6-acc44e9f053d,0,0,0,0,1,0,0,0,0,0,0
9bac0925-105b-4e26-bb8f-23e2374dbf2f,0,0,0,0,0,0,0,0,0,1,0
9c054771-73fe-4f2c-ae52-fbcb6f8ad5e2,0,0,0,0,0,0,0,0,1,0,0
9cab1e08-ddf2-4808-b556-e2c348fa3744,0,0,1,0,0,0,1,0,0,0,0
9d94c569-8c63-45db-b1fb-3da101d80f2d,0,0,0,0,0,0,0,0,0,0,1
9dae31fa-decd-445f-b553-8347e3f8e44b,0,0,0,0,1,0,0,0,0,0,0
9dc00bc1-78a4-4b4a-9665-6f9e0b589b91,0,0,0,0,0,0,0,0,0,1,0
9dd4f37f-878e-484e-9484-ffcc928e546b,1,0,0,0,0,0,0,0,0,1,0
9e38e995-afb4-4090-bbd7-f6cff2ddec5f,0,0,0,0,0,0,0,0,0,1,0
9e7f6a05-a362-4aee-a678-d2f53c2db661,0,0,0,0,0,0,0,0,0,1,0
9eac7262-3be4-4ed2-9a77-8ad2a334b47d,0,0,0,0,0,0,0,0,1,0,0
9fab91b0-5110-4166-9893-c8c0e3946795,0,0,0,0,0,0,0,0,0,0,1
9fd111c8-bc03-44df-9726-dea428f8d752,0,0,0,0,0,0,0,0,0,1,0
a1236d5d-e5f5-4143-a3c5-66849c5efe9e,0,0,0,1,0,0,0,0,0,0,0
a1bd6cfe-d3aa-4748-8fae-5263647e1a3d,0,0,0,0,0,0,0,0,0,1,0
a216ba67-64c3-4cfc-af03-7bfed7145914,0,0,0,0,0,0,0,0,0,1,0
a2269ee2-e90d-4d14-ac18-9f58f582bab1,1,0,0,0,0,0,0,0,1,0,0
a30d0d97-906c-426d-9cbc-3c205ba2ae70,0,0,0,0,1,0,0,0,0,0,0
a317b6fe-e7df-4fc0-a457-ca805116dab2,0,0,0,1,0,0,0,0,0,0,0
a3328b83-4311-4ecb-bf35-bb4f831cda6e,0,0,1,0,0,0,0,1,0,0,0
a381f497-7b59-4c3a-91b1-a65a10fb6166,0,0,0,0,0,0,0,0,0,0,1
a3c4c414-f35b-4aae-ad87-57dbdc0e27c0,0,0,0,0,0,0,0,0,0,1,0
a4ad3b5e-b108-4ff2-aedf-ac2547796833,0,0,0,0,1,0,0,0,0,0,0
a4bcb651-1266-46f7-95e1-b39746f86866,0,0,0,0,0,0,0,0,1,0,0
a55597fb-dff7-489f-a337-7fba88447257,0,0,0,0,1,0,0,0,0,0,0
a606e3c7-44c3-428f-b488-7ebaaf4cf9ca,0,0,0,1,0,0,0,0,0,0,0
a6281fdd-556c-4236-ad74-b699b5dffe37,1,0,0,0,0,0,0,0,0,1,0
a635ddfb-fe33-4837-a948-a379aa508731,1,0,0,0,0,0,0,0,0,0,0
a650ade0-0165-47a5-9866-3216038795cb,0,0,0,0,1,0,0,0,0,0,0
a6ec6118-d0d8-40e7-8bbf-e9a745db1c4e,0,0,0,0,1,0,0,0,0,0,0
a7cdf116-87ac-44f2-a7d9-b407a3b044e5,0,0,0,1,0,0,0,0,0,0,1
a8ab7416-b7f2-49ee-a5d5-9af944d1dfd4,0,0,0,0,0,0,0,0,1,0,0
a9167e42-a392-4f2b-b08e-8471fcfabd7a,0,0,1,0,0,0,0,0,0,0,0
a9425817-09a0-4f52-855a-b02f44093667,0,0,0,0,1,0,0,0,0,0,0
a9e751be-68d7-41b5-b498-a97b0b3c757a,0,1,0,0,1,0,0,0,0,0,0
aa7e18f3-07f9-430e-b489-407e520bdf45,1,0,0,0,0,0,0,0,0,1,0
aa879823-3150-490f-814f-9c3d98ce2093,0,0,0,0,0,0,0,0,0,1,0
ab66e4c2-6e9b-456f-8e5a-d5799dc3b850,0,0,1,0,0,0,0,0,0,1,0
ab898f78-d2c2-4e58-b941-3a265b4ed758,0,0,0,0,0,0,0,0,0,0,1
aba1355b-ba32-4f06-a52e-4d05b823075e,0,0,0,0,0,0,0,0,0,1,0
abe82a25-078b-43ab-9203-8a77f242b33c,0,0,0,1,0,0,0,0,0,0,0
ac6dfcc8-f7ad-4de4-9498-07861ca1b871,0,0,0,0,0,0,0,0,0,0,1
ad894c75-7267-4db0-8387-2328d9220f2e,0,0,0,0,1,0,0,0,0,0,0
adfb88d0-0d14-400d-9b48-4a6bd610f53e,0,0,0,0,1,0,0,0,0,0,0
aec2b08b-4932-430f-b2e5-be97d8579266,0,0,0,0,1,0,0,0,0,0,0
aeff7bbe-4c56-4119-b418-51ee0d616ba6,0,0,0,0,0,0,0,0,0,0,1
af0d2a59-777c-4f1d-9acf-e0f863acdfe3,0,0,0,0,0,0,1,0,0,0,0
af6574b9-5a31-4238-8784-8e44b3d4bd86,0,0,0,1,0,0,0,0,0,0,0
afa9897f-de8a-4eaf-b7a7-f54856628f74,0,0,0,0,1,0,0,0,0,1,0
b0908fb8-eded-4100-aca8-1e2b7dbb10e2,0,0,0,0,1,0,0,0,0,0,1
b111914f-65e9-4c13-8ed6-690bf266db18,0,0,0,0,0,0,0,0,0,1,0
b185d0fb-5689-44df-b86b-4d91bc113e89,0,0,0,0,0,0,0,0,0,0,1
b22ed2ed-338b-44ca-8f2a-65001daff04d,0,0,0,0,0,0,0,0,0,1,0
b29378a4-3bac-49c0-923b-aeef7f35077a,0,0,0,0,0,0,0,0,0,0,1
b2fd67f5-4d61-44d0-bba1-82782c65e7ea,0,0,0,0,0,0,0,0,1,0,0
b300622c-bcd9-45c8-a6bd-005694af7fc5,0,0,0,1,0,0,0,0,1,0,0
b33ad53e-49f1-4ca3-827f-e529ffe0214e,0,0,0,0,1,0,0,0,0,0,0
b403f77f-b240-4c05-ba4c-f6f429171e41,0,0,0,1,0,0,0,0,0,0,0
b4eaa0de-6f1b-40b6-908e-72bf3d80387c,0,0,0,0,1,0,0,0,0,0,0
b5c29dbe-dbd9-422e-bfa4-1e0dbb9a6d85,0,0,0,0,1,1,0,0,0,0,0
b65266cf-f2c8-4559-8649-6d92b0fe7667,0,1,0,0,1,0,0,0,0,0,0
b6793d5c-62d5-4a77-a2ad-69b46e1e4896,0,0,0,0,0,0,0,0,1,0,0
b6b9ec08-3749-4c92-a199-96c2e97e7906,1,0,0,0,0,0,0,0,0,0,0
b6dfea59-e072-416f-8322-006c3dbbd1d6,0,0,0,0,0,1,0,0,0,1,0
b7c3c308-e42a-454f-af28-d48063abe05d,0,1,0,0,1,0,0,0,0,0,0
b7dc5d5b-d7ca-462f-a471-a6a5ecab4243,0,0,0,0,0,0,0,0,0,1,0
b83dc701-e64c-42fd-9743-32119491bd9e,1,0,0,0,0,0,0,0,0,0,0
b8994252-bfad-4dd9-8167-1b6d4005611e,0,0,0,0,0,0,0,0,0,0,1
b8b5ef71-c107-4b20-9d3b-7b561787c7e5,0,1,0,0,1,0,0,0,0,0,0
b8df7cfe-e501-4c1f-bbef-9e17a5cb863b,0,0,0,0,0,0,1,0,0,0,0
b95f2b15-f8d3-4550-9b77-e474e914ebe2,0,0,0,0,0,0,0,0,0,0,1
b9bdfa29-35e2-4224-92b3-bccb0d8658bd,0,0,1,0,0,0,0,0,0,0,0
ba40f328-371c-4f08-9729-0e11336d15db,0,0,0,1,0,0,1,0,0,0,0
bacdb56a-7a1e-47cf-84cd-397513db75ca,0,0,0,0,0,0,0,0,0,0,1
bb1d9e2e-4589-43f1-b2e3-ec7943e332d1,0,0,0,0,0,0,0,0,0,0,1
bb3a0d3e-afbd-466b-8edf-fa7979170ea2,0,0,0,0,0,0,0,0,0,0,1
bb9c1e8c-725a-4cda-87af-b318e4bc3227,0,0,0,0,1,0,0,0,0,0,1
bcf6a714-ea59-4662-b746-e638a1859855,0,0,0,0,1,0,0,0,0,0,0
bcfe32fb-93ff-4493-bd5e-0a782b6900b8,0,0,0,0,1,0,0,0,0,0,0
bd0d341e-4f6e-4014-a594-48ec1754aed0,1,0,0,0,0,0,0,0,0,0,0
bd907421-fc83-4830-a19c-03b5df18e619,0,0,0,0,0,0,0,0,1,0,0
bd9f12bf-8340-4a49-a084-2ec673225f58,0,0,0,0,1,0,0,0,0,0,0
bddd689e-6e91-45fc-b778-ec22e35455dd,0,0,0,0,0,0,0,0,0,0,1
be1d9729-5648-4117-8935-6601441887de,1,0,0,0,0,0,0,0,0,0,0
be440cc0-a31c-4a6c-ba82-8fc07c4f6566,0,0,0,0,1,0,0,0,0,0,0
bece999a-f9b7-4da4-ba87-2a5c2d7dbeb1,0,0,0,0,1,0,0,0,0,0,0
bf09e5ad-fd99-4229-a188-81065efdce98,0,0,0,1,0,0,0,0,0,0,0
bf4bdd86-6351-4bce-aebd-2151614ff2d6,0,0,0,0,1,0,0,0,0,0,0
bf700779-68a3-4205-8c04-37a7ecce004a,0,0,0,0,0,0,0,0,0,1,0
bf7901a5-ade6-4ec8-a64e-01e727ee0115,0,0,0,0,0,1,0,0,0,1,0
bf8956ab-5a39-4e07-a8be-ba7bceaa3317,0,0,0,0,0,1,0,0,0,1,0
c0229641-6bf8-4ed6-befb-51b70d9e1564,0,0,1,0,0,0,1,1,0,0,0
c02b0c37-74f3-48bb-9552-7644ee2a5fc5,1,0,0,0,0,0,0,0,1,0,0
c02fafec-1ee9-485b-acd0-a21f1c4644ce,0,0,0,1,0,0,0,0,0,0,0
c0429e1b-5f7f-4eb5-a5c4-f4fe4ccbc53c,0,0,0,0,1,0,0,0,0,0,0
c1044976-4439-424c-b61d-96b450d50ca3,0,0,0,0,0,0,0,0,0,0,1
c1438c63-697e-4633-80d0-dfb8cacfb224,0,1,0,0,1,0,0,0,0,0,0
c20fe2c6-2de0-4301-a4c5-141e03763350,0,0,0,0,1,0,0,0,0,0,0
c217912c-be67-4f99-a799-9b8ec8972d9d,0,0,0,0,0,0,0,0,0,0,1
c258928b-b9b6-4c79-904d-fb381af680b4,0,0,0,0,1,0,0,0,0,0,0
c29a33fa-fe5c-427e-b32a-e3cdf9609468,0,0,0,1,0,0,0,0,0,0,0
c301ae81-5ad8-4e75-bb7a-1fec61cf75ef,0,0,0,0,1,0,0,0,0,0,0
c3389b23-4ac5-4dc4-b380-c122b4888ef3,0,0,0,0,0,0,0,0,0,1,0
c41255c9-a83a-4d5c-a942-fd6dfd0cf4b2,0,0,0,0,1,0,0,0,0,0,0
c46aa42e-29c1-428f-ad26-0c399a2863b7,1,0,0,0,0,0,0,0,0,1,0
c4a4c5fe-89c3-4478-ab15-a0f64af9d516,0,0,0,0,0,0,0,0,0,1,0
c4f5e899-041a-4bb3-a101-887f7b0be402,1,0,0,0,0,0,0,0,0,0,0
c50700b4-71d1-4243-8d72-7bc68606c1b5,0,0,0,1,0,0,0,0,0,0,0
c52c0731-cafd-438e-9407-e5f8b6efb180,0,0,0,1,0,0,0,0,0,0,0
c532ba74-211d-4e85-88ab-c3d91c8e6036,0,0,0,0,0,0,0,0,0,1,0
c56a333f-d957-43c4-92fa-a117ff3dffd1,0,0,0,0,0,0,0,0,1,0,0
c6ace7d9-3158-4c05-8f00-d950534476da,0,0,0,0,0,0,0,0,0,1,0
c6f42f9b-2d8b-4863-bf67-e63939ee1ee8,0,0,0,0,0,0,0,0,1,1,0
c7137b3c-fe5c-487e-b1bc-db5a0496d0b1,0,0,0,0,0,0,0,0,0,0,1
c71ea9b0-092a-4377-8a92-9a67dbb87655,0,0,0,0,0,0,0,0,0,0,1
c78c10a8-7f6e-4b93-8a9c-11be807b8f64,0,0,1,0,0,0,0,0,0,0,0
c8b86aab-be56-437a-b5e2-77647fad3459,0,0,0,0,1,0,0,0,0,0,1
c8fb9945-ca45-41cf-84b3-10ecbf1611e6,0,1,1,1,0,0,0,0,0,0,0
c90049d9-3405-4b3f-822f-bdf45de9dd1c,0,1,0,0,1,0,0,0,0,0,0
c93181a7-86e6-43df-9310-b728ba67b7ac,0,0,0,0,1,0,0,0,0,0,0
c9352f71-e9b3-41dc-b7fd-bb0f6a8989d5,0,1,0,0,1,0,0,0,0,0,0
c9836d24-7bf7-4ff8-a747-935a8f5519ce,1,0,0,0,0,0,0,0,0,0,0
c98fb238-a576-4096-b7af-fa95ae4a73fa,0,0,0,0,1,0,0,0,0,0,0
ca8c49cc-6332-4097-a862-61d7c61da1a0,1,0,0,0,0,0,0,0,0,1,0
cb2d9346-aa11-4413-a33a-644aa805f7bb,0,0,0,0,0,0,0,0,0,1,0
cb629dab-4a88-41a1-98d9-e0a498fd1be3,0,0,0,0,0,1,0,0,0,0,0
cbc57bd9-fe22-4995-9c26-e0973ba7989a,0,0,0,1,0,0,0,0,0,0,0
cc0dfea7-387b-4ea7-8a13-6b3a32ab9f94,1,0,0,0,0,0,0,0,0,0,0
cc28c944-a65a-42db-b265-1093087a1774,0,0,0,0,0,1,0,0,0,1,0
cc2f4b31-c4c5-4d85-a398-0dd8260225ea,1,0,0,0,0,0,0,0,0,0,0
cc5579d2-58cc-4f5e-a23b-334e4a7cf012,0,0,0,0,0,0,0,0,0,1,0
ccefb2b4-0885-4407-a9cb-8754614e6659,0,0,0,0,1,1,0,0,0,0,0
ccf76460-3baf-4587-a1d8-c14ef13812d4,0,0,0,0,0,0,0,0,0,1,0
ccfcb275-92df-47ca-8c4a-17084b3d3d8d,0,0,0,0,1,0,0,0,0,1,0
cd182d02-8321-4d7d-912b-8819cc4cc50f,0,0,0,0,1,0,0,0,0,0,0
ce915f41-82e2-4b8d-9d55-0b2e6cb26aa8,0,0,0,0,0,0,0,0,0,0,1
cfa7a998-9153-46e7-9562-5bbd2c2a21eb,0,0,0,0,0,0,0,0,0,0,1
cfb9cbb5-c969-45d2-ab83-8b9474b1c183,1,0,0,0,0,0,0,0,0,0,0
cfbe4e8d-13e9-4eea-9003-f7f617877f00,1,0,0,0,0,0,0,0,0,1,0
d01a59c9-bfc3-4711-a13e-bd5e7a5e07cb,0,0,0,0,0,0,0,1,1,0,0
d06fb24a-876a-4f89-ba2f-deb7aabcb2df,0,0,0,0,0,0,0,0,0,0,1
d0fbf20f-0594-4514-91ee-d4ef788f3d5c,0,0,0,0,1,1,0,0,0,1,0
d18b26da-77b2-46c4-9c4b-ba8b08496637,0,1,0,1,0,0,0,0,0,0,0
d1ef867d-0478-45e7-a3f6-64dead8fd043,0,0,1,0,0,0,0,0,0,0,0
d21f4a81-186a-4cc2-be9c-afd23c2e277e,1,0,0,0,0,0,0,0,0,0,0
d245b8c8-43fb-4946-82b8-a5564f5078c4,0,0,0,0,0,0,0,0,0,1,0
d3330b95-0a3c-4d36-96c9-79b216c388ff,0,0,0,0,0,0,0,0,1,0,0
d377e518-e0e8-4a88-bf09-84282495f9f6,0,0,0,0,0,0,0,0,0,1,0
d3b71476-c6ef-4706-810b-203c9f60a346,0,0,0,0,0,0,0,0,1,0,0
d3f1bfa8-15e7-4f5c-98f6-c40f0294b34e,0,0,0,0,0,0,0,0,0,0,1
d403d40b-16e3-49b0-b263-45286174b91c,1,0,0,0,0,0,0,0,0,0,0
d4164d6e-52dc-4609-9b0b-c0805cecc0ee,0,0,0,0,1,0,0,0,0,0,0
d43573e8-8fd4-42c5-95f1-0cca830e8f47,0,0,0,0,0,0,0,0,1,0,1
d4a62b93-1e7a-4d35-a97c-ff818f674ad7,0,0,1,0,0,1,0,0,0,0,0
d4b926fe-bfe3-4043-b9aa-80d9c1e1f393,0,0,0,1,0,0,0,0,0,0,0
d4ccbb21-3518-45d6-97e8-fa2a87b7a7c3,0,1,0,0,1,0,0,0,0,0,0
d4e3e141-f330-4706-90a9-a8762a184a20,0,0,0,0,0,0,0,0,0,1,0
d50fdbbb-154e-46c8-afed-7112ed38fa26,0,0,0,0,0,0,0,0,0,0,1
d5954059-e89d-48fa-a22f-b048b141ad8b,0,0,0,0,0,1,0,0,0,1,0
d5bb6263-7d7a-4c34-b91e-7b9f332a9cfe,0,0,0,0,0,0,0,0,0,1,0
d5e91487-4d39-44e2-af84-1ae5dfe4f9bd,0,0,0,0,0,0,0,0,0,0,1
d5f60aa4-5c1f-4dea-8cec-b696f92b2783,0,0,0,0,0,0,0,0,0,0,1
d61bd232-c5d8-4f35-ab0f-ed64f891a0e1,1,0,0,0,0,0,0,0,0,1,0
d62f67ea-ad77-450e-a2f8-dedc20e68454,0,0,0,0,1,0,0,0,0,0,0
d6b05aef-05c2-4233-9db5-008e1e6d482f,0,0,0,0,0,0,0,0,0,0,1
d6f08971-c18f-48a1-b503-316860b9bc66,0,0,0,0,0,0,0,0,1,0,0
d7452242-3525-4615-a216-d7a928ccef90,0,0,0,0,1,1,0,0,0,1,0
d7e4d404-82ef-4442-8480-f93945f2bfc9,0,0,0,0,1,0,0,0,0,0,0
d80f168c-90de-481d-86c7-d5dff5e6e642,0,0,0,0,0,0,0,0,0,0,1
d82124b3-93e1-46f1-bc44-9aea957e458f,0,0,0,0,0,0,0,0,0,1,0
d87f8cf2-ace6-417b-83f4-2f81de49d0bb,0,0,0,0,1,0,0,0,0,0,0
d8bf50b7-5987-438c-b42d-f07f739afbaf,0,0,0,0,1,0,0,0,0,0,0
d8e06e05-5c02-4cad-b6b2-eecc6426a6d9,0,0,0,0,1,0,0,0,0,0,0
d8e2b221-7341-4455-843a-b588a9f2e9b6,0,0,0,0,1,0,0,0,0,0,0
da2b52df-4bb3-4542-9085-0ff881a6be0c,0,0,0,1,0,0,0,0,0,0,1
da3ee997-5928-4d83-b36d-9fc56b9578f6,0,0,0,0,0,0,0,0,0,0,1
dc33c83d-90ad-4c0d-b022-5e0839ec3b14,0,0,0,0,0,0,0,0,0,1,0
dc43236c-4069-4d8e-9656-c5021c481250,0,0,0,0,1,0,0,0,0,0,0
dc8cbed3-54a2-4d18-a43c-8d31a8c8faf3,0,0,0,0,0,1,0,0,0,1,0
dcef225e-6b6c-4a3d-8935-eb853db196cb,0,0,0,0,1,0,0,0,0,0,0
dd7ab633-cd66-46d8-9d0f-82c9e8331ad4,0,0,0,0,1,0,0,0,0,0,0
de6fcd98-ce74-4f90-8b10-385372330153,0,0,0,0,0,1,0,0,0,1,0
de98e584-b933-4d1d-9d3a-d96ab2c9d4c8,0,0,0,0,0,0,0,0,0,1,0
deebed44-2bd3-419b-9119-2cf281a32e25,0,0,0,0,1,0,0,0,0,0,0
df3b1621-3f7a-4b2b-96f4-6485307c748a,0,0,0,0,0,0,0,0,0,1,0
df7496fb-3aff-4bb8-a27f-514ccfdd8124,0,0,1,0,0,0,1,1,1,0,0
df8dcbc6-2509-4103-a92b-b8cac57a59b0,0,0,0,0,1,0,0,0,0,0,0
df9140c2-543a-4afc-88b0-f8a176912129,0,0,0,0,0,0,0,0,0,1,0
dfa9f8eb-799c-4db7-9094-9dfa60b30397,0,0,0,0,0,0,0,0,0,1,0
dfb1b5be-58e4-43c7-b3b7-11c94ee2df61,0,0,0,0,1,0,0,0,0,0,0
e0bec0dd-b967-40ff-8aa5-2a14e08de8a4,0,0,0,0,0,0,0,0,0,1,0
e1072764-0525-45b9-92c4-b60b0e4efb86,1,0,0,0,0,0,0,0,0,1,0
e1ab9940-31f3-4ebe-9cc7-ca0656549227,0,0,0,1,0,0,0,0,0,0,0
e1d8b5e8-cffe-463c-9d81-03b5620969a6,1,0,0,0,0,0,0,0,1,0,0
e215a834-caed-4116-a221-1b7e1cfece5e,0,0,0,0,1,0,0,0,0,0,0
e2220a0b-e2d9-4112-84db-4c04cefaa7f5,0,0,0,0,0,1,0,0,0,1,0
e358d6c9-c623-427f-a5be-f08c540a739c,1,0,0,0,0,0,0,0,0,0,0
e3992a45-a717-40a4-a073-c9ac45ff47e8,0,0,1,0,0,0,0,0,0,0,0
e3aed43b-122d-4f57-86fe-80562eed6728,0,0,0,0,0,0,0,0,0,0,1
e43639d0-eb46-45ce-9b74-f721587c90fd,0,0,0,1,0,0,0,0,0,0,0
e44ce7e4-5c64-4f40-a8a0-4ed3ebf9e1fc,0,0,1,0,0,0,1,0,0,0,1
e5502a91-084b-4d5c-9f87-c1feeddfa683,0,0,0,0,1,0,0,0,0,0,0
e5b7b974-598a-47d8-a38a-847ee2033a3b,0,0,0,1,0,0,0,0,1,0,0
e611ef06-ff55-4476-b66d-d6518f5c45bf,0,0,0,0,0,0,1,0,0,0,0
e6657b04-3575-42d3-bd39-71c78cc90265,0,0,0,0,1,0,0,0,0,0,0
e68376ff-af4e-41dc-8f60-8cc16287eb31,0,0,0,0,0,0,1,0,0,0,0
e7039e45-1ab4-492f-b23c-6e0660a4531c,0,0,0,1,1,0,0,0,0,0,0
e80d3fd6-da86-41d8-b7fc-fa7c688daa7a,0,0,0,0,0,0,0,0,0,1,0
e813a0c3-f819-4b2e-ac70-3dd3b93d6811,1,0,0,0,0,0,0,0,0,0,0
e8171333-e465-4069-b5df-40c063a97e76,0,0,0,0,0,0,0,0,0,1,0
e8db683a-1201-4c42-9dd5-03878101dffa,0,0,0,1,0,0,0,0,0,0,0
e96cd82f-3e50-41dd-a527-b148956c1264,0,0,0,0,1,0,0,0,0,0,0
e9913251-bc8b-4a02-bb9e-d107525a28c4,0,0,0,0,1,0,0,0,0,0,0
eaf6a486-f8d3-4b9f-b701-f4e69dcc07a7,1,0,0,0,0,0,0,0,0,0,0
eb5f9397-2d2a-47b0-b6bd-b3cc95702e37,0,0,0,0,0,0,0,0,0,1,0
ec8daad5-73ea-4e85-8480-94e4a90693b9,1,0,0,0,0,0,0,0,0,0,0
ecaa0208-b510-486e-b549-235068d804e9,0,0,0,0,1,0,0,0,0,0,0
ed21e0f8-4fbd-498f-be55-f6a143a7c0a9,0,0,0,1,0,0,0,0,0,0,0
ed222120-c270-4993-a079-50c5ba3ee253,0,0,0,0,0,0,0,0,0,1,0
ed3ef58d-5dbe-461b-9f3d-6b41db45dc3a,1,0,0,0,0,1,0,0,1,0,0
edfd3e56-21c5-4f3f-8a6a-6397289e527d,1,0,0,0,0,0,0,0,1,0,0
ee0548e5-20b1-48f7-bdba-29eb20d14201,0,0,0,0,0,0,0,0,1,0,0
ee2172f3-4e9e-4ca6-9fda-7b9ae461e43d,0,0,0,0,0,0,0,0,0,0,1
ee2c23dd-beef-4ff8-96e4-218bb91a6c0f,0,0,0,0,0,1,0,0,0,0,0
ee4cb627-10ad-445a-9cab-4b3f47a11acb,0,0,0,0,0,0,0,0,0,0,1
eeb7a867-0e5d-49e1-8090-5efa2ab646ab,0,0,1,0,0,0,1,0,0,0,0
ef95f1ff-4a6f-4ed3-b669-ea15a3e51e38,0,0,0,0,0,0,0,0,0,1,0
f08554bd-68a7-43d6-af5a-e0f8bd43e093,0,1,0,0,1,0,0,0,0,0,0
f225fd74-025b-4a54-8810-8fc71b8af482,0,0,0,0,0,0,0,0,0,1,0
f300d5d4-1f94-4bf1-85cf-511721bdfe3f,0,0,0,0,0,0,0,0,1,0,0
f33878f6-5aaa-40d8-a525-336d8b90a3b8,0,0,0,0,1,0,0,0,0,0,0
f396035c-6b40-447f-bb0c-da95de4f3827,0,0,0,1,0,0,0,0,0,0,0
f3d2e90a-e362-4c5e-b3e8-e19161cfd671,0,0,0,0,0,0,0,0,0,1,0
f43862ce-bfac-47ec-a788-1abebe7fed15,0,0,0,1,0,0,0,0,0,0,0
f49c317a-b429-476f-a928-010dce83db7c,0,0,0,0,1,0,0,0,0,0,0
f4e34990-66a7-4527-a2ea-13a4885d948b,0,0,0,0,1,0,0,0,0,0,0
f4e78e59-9495-416b-be05-21f62e2638b3,0,0,0,0,1,1,0,0,0,0,0
f50c22eb-695d-4120-875a-b2e562bd95ee,0,0,0,0,0,0,0,0,0,0,1
f51a3a11-5fb6-4585-87cf-72b62b5e4b7d,0,0,0,1,0,0,0,0,0,0,0
f52eb344-c64d-4ba6-81c0-7634eed27a99,0,0,0,0,1,0,0,0,0,0,0
f5428f2b-b47a-4415-9e34-12624dc593ee,0,0,0,0,0,0,0,0,0,0,1
f63b319e-50b5-4313-b885-568755ebefdd,0,0,0,0,1,0,0,0,0,0,0
f6d3d618-715a-44c5-8e9e-9d576fdd4d7a,0,0,0,1,0,0,0,0,0,0,0
f70c3271-b2cc-471d-9a19-3479e1652d89,0,0,0,0,0,0,0,0,0,1,1
f7428ca3-2743-440c-95ca-6514154adc2e,0,0,0,0,0,0,1,0,1,0,0
f78d318b-6207-4923-9275-b8677888e26e,1,0,0,0,0,0,0,0,1,0,0
f7c6997e-56d2-4ac1-9839-a37ffd241eba,1,0,0,1,0,0,0,0,0,0,0
f7cf3bdf-cc9c-4109-aec6-96b865522a82,0,0,0,0,1,0,0,0,1,0,0
f7dd279a-9454-4bda-944e-d1f0656ea255,0,0,0,0,0,0,0,0,0,0,1
f8425890-05bf-46a0-a196-058d35841071,0,0,0,1,0,0,0,0,0,0,0
f8f1f2f4-c7e4-4512-957b-9e323c80a42e,0,0,0,0,0,0,0,0,0,0,1
f944ddf2-2c15-4967-84b6-c0c48c3c13de,0,0,0,0,0,1,0,0,0,1,0
f9dddeab-324f-45e6-bd8a-f8f9ff17450d,1,0,0,0,0,0,0,0,0,1,0
f9de137d-cdb3-4633-9ab1-496e52ef9599,0,0,0,0,0,1,0,0,0,1,0
fb06ffeb-0de1-4747-a678-4892f3be9b9c,0,0,0,0,1,0,0,0,0,0,0
fb23bf5e-e8ea-45e2-9dd4-39714230f96d,0,0,0,0,0,0,0,0,0,1,0
fb76a8d8-68a7-4ff7-b61a-2d8e16ecc940,1,0,0,0,0,0,0,0,0,0,0
fb9cd73e-58fe-4725-996f-844148af3cf0,1,0,0,0,0,0,0,0,0,0,0
fbafad1d-035c-4cf7-9d3d-ab4d70e9cda1,0,0,0,0,0,1,0,0,0,1,0
fc0bdd4a-d08a-41f6-9be8-135950a18205,0,0,0,0,1,0,0,0,0,1,0
fc134a8b-0e52-4dab-9e29-634f2f4a2b77,0,1,0,0,1,0,0,0,0,0,0
fc8486e2-8ef9-450c-8139-37f198aae05e,0,1,0,0,1,0,0,0,0,0,0
fc8ed8d7-27a0-404c-aee0-f529204f6164,0,0,0,0,1,0,0,0,0,0,0
fce19ec9-843a-4d6a-9e8f-698898bf673b,0,0,0,0,0,0,0,0,1,0,0
fe750d5b-b7ff-49c3-ab68-410ea4d6cf56,0,0,0,0,1,0,0,0,0,0,0
ff411884-cd5a-4d1d-a618-f0f3ec0079f6,1,0,0,1,0,0,0,0,0,0,0
